Time,SAG rpm,SAG discharge end bearing pressure(psig),SAG density(%solids),average noise,recycle(tph),new feed(tph),SAG power (hp),pebble crusher motor current(amps),SAG ball charge(% volume),Mill tonnage constraint
5/26/2004 11:12,9.4,743.2,64.0,3.6,57.9,1050.2,10140.0,[-11059] No Good Data For Calculation,8.0,BALL MILL
5/26/2004 11:13,9.4,743.9,69.1,7.8,113.1,1086.3,12289.6,[-11059] No Good Data For Calculation,8.0,BALL MILL
5/26/2004 11:14,9.4,744.4,71.7,12.0,111.7,1074.9,12610.9,[-11059] No Good Data For Calculation,8.0,BALL MILL
5/26/2004 11:15,9.4,744.9,72.9,16.1,108.2,1095.1,12655.2,[-11059] No Good Data For Calculation,8.0,BALL MILL
5/26/2004 11:16,9.4,745.4,74.2,20.2,111.4,1096.4,12683.4,[-11059] No Good Data For Calculation,8.0,BALL MILL
5/26/2004 11:17,9.4,745.9,75.3,21.6,112.7,1092.2,12707.9,[-11059] No Good Data For Calculation,8.0,BALL MILL
5/26/2004 11:18,9.4,746.4,75.4,21.2,116.7,1088.3,12731.2,[-11059] No Good Data For Calculation,8.0,BALL MILL
5/26/2004 11:19,9.5,747.0,75.3,20.8,112.6,1107.4,12754.5,[-11059] No Good Data For Calculation,8.0,BALL MILL
5/26/2004 11:20,9.5,747.5,75.2,20.4,109.3,1095.3,12764.9,[-11059] No Good Data For Calculation,8.0,BALL MILL
5/26/2004 11:21,9.5,748.1,75.1,20.0,111.3,1069.8,12762.4,[-11059] No Good Data For Calculation,8.0,BALL MILL
5/26/2004 11:22,9.5,748.4,75.1,19.6,111.3,1143.3,12771.4,[-11059] No Good Data For Calculation,8.0,BALL MILL
5/26/2004 11:23,9.5,748.3,75.9,19.2,113.6,1103.5,12782.5,[-11059] No Good Data For Calculation,8.0,BALL MILL
5/26/2004 11:24,9.5,748.2,75.0,18.8,115.5,1103.0,12791.3,[-11059] No Good Data For Calculation,8.0,BALL MILL
5/26/2004 11:25,9.5,748.1,75.2,18.2,112.4,1132.4,12798.2,[-11059] No Good Data For Calculation,8.0,BALL MILL
5/26/2004 11:26,9.5,748.0,75.4,17.7,109.7,1078.3,12805.1,[-11059] No Good Data For Calculation,8.0,BALL MILL
5/26/2004 11:27,9.5,747.9,75.5,17.1,108.8,1077.8,12812.1,[-11059] No Good Data For Calculation,8.0,BALL MILL
5/26/2004 11:28,9.5,747.8,75.7,16.6,114.5,1142.2,12819.0,[-11059] No Good Data For Calculation,8.0,BALL MILL
5/26/2004 11:29,9.5,747.7,76.1,16.2,114.7,1055.3,12828.4,[-11059] No Good Data For Calculation,8.0,BALL MILL
5/26/2004 11:30,9.6,747.6,77.0,16.0,115.2,1137.9,12841.1,[-11059] No Good Data For Calculation,8.0,BALL MILL
5/26/2004 11:31,9.6,747.3,77.4,15.7,114.5,1097.2,12855.4,[-11059] No Good Data For Calculation,8.0,BALL MILL
5/26/2004 11:32,9.6,746.8,77.9,15.5,118.6,1127.7,12883.1,[-11059] No Good Data For Calculation,8.0,BALL MILL
5/26/2004 11:33,9.6,746.4,78.1,15.3,115.2,1166.8,12913.8,[-11059] No Good Data For Calculation,8.0,BALL MILL
5/26/2004 11:34,9.6,745.9,76.9,15.0,120.0,1141.3,12933.8,[-11059] No Good Data For Calculation,8.0,BALL MILL
5/26/2004 11:35,9.6,745.4,76.7,14.8,119.9,1135.1,12933.8,[-11059] No Good Data For Calculation,8.0,BALL MILL
5/26/2004 11:36,9.6,745.0,76.6,14.5,115.6,1138.3,12933.5,[-11059] No Good Data For Calculation,8.0,BALL MILL
5/26/2004 11:37,9.6,744.7,76.7,14.3,115.6,1148.9,12933.2,[-11059] No Good Data For Calculation,8.0,BALL MILL
5/26/2004 11:38,9.6,746.6,77.0,14.0,113.7,1141.1,12941.9,[-11059] No Good Data For Calculation,8.0,BALL MILL
5/26/2004 11:39,9.6,749.0,77.0,13.8,118.1,1156.1,12956.3,[-11059] No Good Data For Calculation,8.0,BALL MILL
5/26/2004 11:40,9.6,749.6,77.0,13.5,110.8,1171.2,12970.8,[-11059] No Good Data For Calculation,8.0,BALL MILL
5/26/2004 11:41,9.6,749.8,77.0,13.1,114.3,1124.9,12985.3,[-11059] No Good Data For Calculation,8.0,BALL MILL
5/26/2004 11:42,9.7,750.0,76.9,12.8,114.0,1157.4,12999.8,[-11059] No Good Data For Calculation,8.0,BALL MILL
5/26/2004 11:43,9.7,750.6,76.9,12.5,110.9,1135.5,13014.3,[-11059] No Good Data For Calculation,8.0,BALL MILL
5/26/2004 11:44,9.7,751.3,76.8,12.1,113.7,1148.9,13030.0,[-11059] No Good Data For Calculation,8.0,BALL MILL
5/26/2004 11:45,9.7,752.1,77.0,11.8,118.6,1145.6,13047.9,[-11059] No Good Data For Calculation,8.0,BALL MILL
5/26/2004 11:46,9.7,752.5,77.2,11.4,115.5,1161.2,13090.7,[-11059] No Good Data For Calculation,8.0,BALL MILL
5/26/2004 11:47,9.7,751.5,77.5,11.1,119.3,1148.0,13176.5,[-11059] No Good Data For Calculation,8.0,BALL MILL
5/26/2004 11:48,9.7,750.4,77.5,11.0,125.0,1138.6,13234.1,[-11059] No Good Data For Calculation,8.0,BALL MILL
5/26/2004 11:49,9.7,749.2,77.3,10.9,128.7,1123.7,13294.9,[-11059] No Good Data For Calculation,8.0,BALL MILL
5/26/2004 11:50,9.7,748.1,77.2,11.0,139.5,1123.7,13329.9,[-11059] No Good Data For Calculation,8.0,BALL MILL
5/26/2004 11:51,9.7,746.9,77.0,12.3,140.0,1053.2,13338.0,[-11059] No Good Data For Calculation,8.0,BALL MILL
