Time,SAG rpm,SAG discharge end bearing pressure(psig),SAG density(%solids),average noise,recycle(tph),new feed(tph),SAG power (hp),pebble crusher motor current(amps),SAG ball charge(% volume),Mill tonnage constraint
2004-05-15 22:37:00,10.5,763.6,80.0,29.0,270.6,1947.2,13388.7,33.3,8.0,BALL MILL
2004-05-15 22:38:00,10.5,764.2,79.9,28.6,272.5,1900.0,13357.6,33.2,8.0,BALL MILL
2004-05-15 22:39:00,10.5,764.8,79.9,28.2,279.8,1868.5,13338.5,34.4,8.0,BALL MILL
2004-05-15 22:40:00,10.5,764.9,79.9,27.5,288.0,1889.2,13344.7,34.8,8.0,BALL MILL
2004-05-15 22:41:00,10.5,764.1,79.8,26.7,287.1,1850.3,13351.2,34.2,8.0,BALL MILL
