Time,SAG rpm,SAG discharge end bearing pressure(psig),SAG density(%solids),average noise,recycle(tph),new feed(tph),SAG power (hp),pebble crusher motor current(amps),SAG ball charge(% volume),Mill tonnage constraint
2004-05-24 00:37:00,10.5,769.5,80.2,15.5,217.8,1861.8,13441.3,33.0,8.4,BALL MILL
2004-05-24 00:38:00,10.5,769.7,80.2,15.5,218.5,1823.1,13443.9,33.1,8.4,BALL MILL
2004-05-24 00:39:00,10.5,769.9,80.2,15.6,225.1,1782.4,13441.0,33.8,8.4,BALL MILL
2004-05-24 00:40:00,10.5,770.0,80.3,15.6,223.3,1787.6,13423.6,32.3,8.4,BALL MILL
2004-05-24 00:41:00,10.5,769.9,80.3,15.7,230.6,1788.7,13418.6,23.2,8.4,BALL MILL
