Time,SAG rpm,SAG discharge end bearing pressure(psig),SAG density(%solids),average noise,recycle(tph),new feed(tph),SAG power (hp),pebble crusher motor current(amps),SAG ball charge(% volume),Mill tonnage constraint
2004-05-23 21:11:00,10.5,770.8,79.3,13.1,278.8,1801.5,14078.5,23.6,8.5,SAG
2004-05-23 21:12:00,10.5,770.4,79.2,13.1,273.0,1801.5,14063.9,23.6,8.5,SAG
2004-05-23 21:13:00,10.5,770.0,79.2,13.1,271.2,1787.9,14052.3,23.6,8.5,SAG
2004-05-23 21:14:00,10.5,769.3,79.2,13.2,270.4,1824.1,14040.9,23.7,8.5,SAG
