Time,SAG rpm,SAG discharge end bearing pressure(psig),SAG density(%solids),average noise,recycle(tph),new feed(tph),SAG power (hp),pebble crusher motor current(amps),SAG ball charge(% volume),Mill tonnage constraint
2004-05-21 12:47:00,10.5,772.9,80.0,13.0,309.1,1836.6,13736.1,22.7,8.7,BALL MILL
2004-05-21 12:48:00,10.5,773.5,80.0,12.9,307.9,1803.1,13780.5,22.8,8.7,BALL MILL
2004-05-21 12:49:00,10.5,774.1,80.0,12.8,316.0,1860.5,13833.1,23.1,8.7,BALL MILL
2004-05-21 12:50:00,10.5,774.6,80.0,12.7,312.5,1804.0,13853.2,23.1,8.7,BALL MILL
