Time,SAG rpm,SAG discharge end bearing pressure(psig),SAG density(%solids),average noise,recycle(tph),new feed(tph),SAG power (hp),pebble crusher motor current(amps),SAG ball charge(% volume),Mill tonnage constraint
2004-05-23 20:30:00,10.5,768.6,79.0,14.0,256.7,1830.3,14055.2,23.4,8.5,SAG
2004-05-23 20:31:00,10.5,768.7,78.9,13.9,262.6,1797.0,14026.7,23.5,8.5,SAG
2004-05-23 20:32:00,10.5,768.6,78.9,13.8,256.8,1815.8,14031.1,23.2,8.5,SAG
2004-05-23 20:33:00,10.5,768.4,78.9,13.7,260.1,1839.3,14038.3,23.5,8.5,SAG
