Time,SAG rpm,SAG discharge end bearing pressure(psig),SAG density(%solids),average noise,recycle(tph),new feed(tph),SAG power (hp),pebble crusher motor current(amps),SAG ball charge(% volume),Mill tonnage constraint
2004-05-19 20:54:00,10.5,771.1,75.0,23.1,292.6,1793.7,13630.0,37.6,8.8,BALL MILL
2004-05-19 20:55:00,10.5,770.9,75.0,23.4,287.8,1818.7,13638.4,37.1,8.8,BALL MILL
2004-05-19 20:56:00,10.5,770.6,75.0,23.7,283.3,1810.9,13636.7,36.8,8.8,BALL MILL
2004-05-19 20:57:00,10.5,771.3,75.0,24.2,278.1,1794.7,13657.7,36.2,8.8,BALL MILL
2004-05-19 20:58:00,10.5,773.3,75.1,25.0,270.0,1786.6,13691.4,35.1,8.8,BALL MILL
2004-05-19 20:59:00,10.5,775.2,75.1,25.8,261.3,1785.1,13725.0,34.2,8.8,SAG
