Time,SAG rpm,SAG discharge end bearing pressure(psig),SAG density(%solids),average noise,recycle(tph),new feed(tph),SAG power (hp),pebble crusher motor current(amps),SAG ball charge(% volume),Mill tonnage constraint
2004-05-21 08:33:00,10.5,772.7,80.3,13.9,272.1,1889.7,13809.4,26.3,8.8,SAG
2004-05-21 08:34:00,10.5,772.7,80.3,14.1,271.5,1904.5,13812.7,26.2,8.8,SAG
2004-05-21 08:35:00,10.5,772.7,80.3,13.9,277.3,1848.5,13816.0,26.2,8.8,SAG
2004-05-21 08:36:00,10.5,772.8,80.3,13.3,282.7,1797.3,13819.4,26.4,8.8,SAG
2004-05-21 08:37:00,10.5,773.0,80.3,12.7,276.6,1798.1,13822.6,26.4,8.8,SAG
