Time,SAG rpm,SAG discharge end bearing pressure(psig),SAG density(%solids),average noise,recycle(tph),new feed(tph),SAG power (hp),pebble crusher motor current(amps),SAG ball charge(% volume),Mill tonnage constraint
2004-05-17 09:03:00,10.3,769.0,75.2,29.9,287.5,1785.0,13863.8,6.8,8.1,SAG
2004-05-17 09:04:00,10.3,769.2,75.2,29.0,291.1,1838.7,13877.3,1.8,8.1,SAG
2004-05-17 09:05:00,10.3,769.4,75.2,28.1,279.8,1791.9,13879.1,22.7,8.1,SAG
2004-05-17 09:06:00,10.3,769.5,75.1,27.5,283.9,1806.9,13859.4,21.0,8.1,SAG
