Time,SAG rpm,SAG discharge end bearing pressure(psig),SAG density(%solids),average noise,recycle(tph),new feed(tph),SAG power (hp),pebble crusher motor current(amps),SAG ball charge(% volume),Mill tonnage constraint
2004-05-21 08:23:00,10.5,771.6,80.0,12.7,264.4,1852.3,13761.5,26.1,8.8,SAG
2004-05-21 08:24:00,10.5,772.2,79.9,12.9,259.1,1905.4,13804.9,25.8,8.8,SAG
2004-05-21 08:25:00,10.5,772.8,79.9,13.0,258.0,1888.6,13822.3,25.8,8.8,SAG
2004-05-21 08:26:00,10.5,773.4,79.8,13.1,262.9,1848.2,13820.1,25.7,8.8,SAG
2004-05-21 08:27:00,10.5,773.9,79.8,13.2,265.5,1836.4,13815.5,26.1,8.8,SAG
